{
  "version": 1,
  "author": "Anonymous maker",
  "editor": "wokwi",
  "parts": [
    { "type": "wokwi-breadboard-mini", "id": "bb1", "top": -164.6, "left": 199.2, "attrs": {} },
    { "type": "wokwi-arduino-uno", "id": "uno", "top": 10.2, "left": 95.4, "attrs": {} },
    {
      "type": "wokwi-resistor",
      "id": "r1",
      "top": 19.11,
      "left": -46.71,
      "rotate": 90,
      "attrs": { "value": "5000" }
    },
    {
      "type": "wokwi-ds1307",
      "id": "rtc1",
      "top": 84.43,
      "left": 471.05,
      "rotate": 270,
      "attrs": {}
    },
    { "type": "wokwi-dht22", "id": "dht1", "top": -188.79, "left": -40.71, "attrs": {} },
    {
      "type": "wokwi-microsd-card",
      "id": "sd1",
      "top": -112.03,
      "left": 474.73,
      "rotate": 180,
      "attrs": {}
    }
  ],
  "connections": [
    [ "dht1:SDA", "r1:1", "yellow", [ "v0" ] ],
    [ "dht1:VCC", "uno:3.3V", "red", [ "v325.21", "h271.11" ] ],
    [ "uno:GND.1", "bb1:1b.j", "black", [ "v-33.87", "h-38.81" ] ],
    [ "uno:5V", "bb1:1t.a", "red", [ "v35.57", "h-176.84", "v-371.67" ] ],
    [ "dht1:GND", "bb1:1b.i", "black", [ "v0" ] ],
    [ "r1:2", "uno:2", "gold", [ "v42.76", "h347.52" ] ],
    [ "bb1:1b.f", "bb1:17b.f", "black", [ "v-9.05", "h153.6" ] ],
    [ "rtc1:GND", "bb1:17b.j", "black", [ "v23.2", "h-104.35", "v-219.82" ] ],
    [ "bb1:1t.e", "bb1:17t.e", "red", [ "v8.91", "h153.6" ] ],
    [ "sd1:VCC", "bb1:17t.a", "red", [ "h-36.21", "v-76.94" ] ],
    [ "rtc1:5V", "bb1:17t.d", "red", [ "v37.61", "h-99.25", "v-309.14" ] ],
    [ "uno:A4", "rtc1:SDA", "green", [ "v47.07", "h171.15" ] ],
    [ "rtc1:SCL", "uno:A5", "magenta", [ "v69.31", "h-171.15" ] ],
    [ "sd1:CS", "uno:4", "green", [ "h-16.88", "v98.49", "h-150.22" ] ],
    [ "sd1:SCK", "uno:13", "green", [ "h-35.11", "v50.98", "h-224.49" ] ],
    [ "sd1:DI", "uno:11", "green", [ "h-22.95", "v83.52", "h-217.65" ] ],
    [ "sd1:DO", "uno:12", "green", [ "h-29.03", "v38.29", "h-221.07" ] ],
    [ "sd1:GND", "bb1:17b.i", "black", [ "h0" ] ]
  ],
  "dependencies": {}
}